CREATE TABLE GRUPO(
    NUMERO_GRUPO INT NOT NULL PRIMARY KEY,
    CANTESTUDIANTES INT
);

CREATE TABLE FACULTAD(
    ID_FACULTAD INT NOT NULL PRIMARY KEY,
    NOMBRE VARCHAR(1000) NOT NULL,
    DECANO VARCHAR(1000) NOT NULL
);

CREATE TABLE PROFESOR(
    ID_PROFESOR INT NOT NULL PRIMARY KEY,
    TELEFONO INT,
    CORREO VARCHAR(1000),
    PRIMER_NOMBRE VARCHAR(100) NOT NULL,
    SEGUNDO_NOMBRE VARCHAR(100),
    APELLIDOS VARCHAR(100) NOT NULL
);

CREATE TABLE ESTUDIANTE(
    CODIGO_ESTUDIANTE INT NOT NULL PRIMARY KEY,
    PRIMER_NOMBRE VARCHAR(100) NOT NULL,
    SEGUNDO_NOMBRE VARCHAR(100),
    APELLIDOS VARCHAR(100) NOT NULL,
    NUMERO_GRUPO INT REFERENCES GRUPO(NUMERO_GRUPO)
);

CREATE TABLE PROFESOR_ESTUDIANTE(
    CANTIDAD_ALUMNOS INT,
    SECCION INT NOT NULL,
    ID_PROFESOR INT NOT NULL REFERENCES PROFESOR(ID_PROFESOR),
    CODIGO_ESTUDIANTE INT REFERENCES ESTUDIANTE(CODIGO_ESTUDIANTE)
);

CREATE TABLE CURSO(
    CODIGO_CURSO INT NOT NULL PRIMARY KEY,
    NOMBRE VARCHAR(100) NOT NULL
);

CREATE TABLE CARRERA(
    ID_CARRERA INT NOT NULL PRIMARY KEY,
    NOMBRE VARCHAR(100) NOT NULL,
    DURACION VARCHAR(100) NOT NULL,
    ID_FACULTAD INT REFERENCES FACULTAD(ID_FACULTAD)
);

CREATE TABLE CARRERA_CURSO(
    ES_OBLIGATORIO NUMBER(1) NOT NULL,
    CREDITOS INT NOT NULL,
    ID_CARRERA INT REFERENCES CARRERA(ID_CARRERA),
    CODIGO_CURSO INT REFERENCES CURSO(CODIGO_CURSO)
);

CREATE TABLE TRABAJO_INVEST(
    ID_TRABAJO INT NOT NULL PRIMARY KEY,
    TITULO VARCHAR(1000),
    OBJETIVO VARCHAR(1000),
    PERIODO VARCHAR(100),
    NUMERO_GRUPO INT REFERENCES GRUPO(NUMERO_GRUPO),
    CODIGO_CURSO INT REFERENCES CURSO(CODIGO_CURSO),
    ID_PROFESOR INT REFERENCES PROFESOR(ID_PROFESOR)
);

CREATE TABLE AVANCE(
    FECHA_ENTREGA DATE,
    FECHA_REVISION DATE,
    NOTA INT,
    ESTADO VARCHAR(100),
    COMENTARIO VARCHAR(2000),
    NUMERO_AVANCE INT,
    NUMERO_GRUPO INT REFERENCES GRUPO(NUMERO_GRUPO),
    ID_PROFESOR INT REFERENCES PROFESOR(ID_PROFESOR),
    ID_TRABAJO INT REFERENCES TRABAJO_INVEST(ID_TRABAJO)
);

CREATE TABLE PROPUESTA(
    TEMA VARCHAR(1000),
    DESCRIPCION VARCHAR(4000),
    NUMERO_GRUPO INT REFERENCES GRUPO(NUMERO_GRUPO),
    ID_TRABAJO INT REFERENCES TRABAJO_INVEST(ID_TRABAJO)
);

CREATE SEQUENCE PROFESOR_SEQ 
START WITH 1 
INCREMENT BY 1 
NOCACHE;

CREATE OR REPLACE TRIGGER PROFESOR_TRIGGER
BEFORE INSERT ON PROFESOR
FOR EACH ROW
BEGIN
    :NEW.ID_PROFESOR := PROFESOR_SEQ.NEXTVAL;
END;

CREATE SEQUENCE GRUPO_SEQ
START WITH 1
INCREMENT BY 1
NOCACHE;

CREATE OR REPLACE TRIGGER GRUPO_TRIGGER
BEFORE INSERT ON GRUPO
FOR EACH ROW
BEGIN
    :NEW.NUMERO_GRUPO := GRUPO_SEQ.NEXTVAL;
END;

CREATE SEQUENCE TRAB_SEQ
START WITH 1
INCREMENT BY 1
NOCACHE;

CREATE OR REPLACE TRIGGER TRAB_TRIGGER
BEFORE INSERT ON TRABAJO_INVEST
FOR EACH ROW
BEGIN
    :NEW.ID_TRABAJO := TRAB_SEQ.NEXTVAL;
END;

INSERT INTO FACULTAD VALUES (1, 'ARQUITECTURA', 'ENRIQUE BONILLA DI TOLLA');
INSERT INTO FACULTAD VALUES (2, 'CIENCIAS EMPRESARIALES Y ECONÓMICAS', 'ELIZABETH OTERO IBÁÑEZ');
INSERT INTO FACULTAD VALUES (3, 'COMUNICACIÓN', 'CARLOS RIVADENEYRA OLCESE');
INSERT INTO FACULTAD VALUES (4, 'DERECHO', 'RONALD CÁRDENAS KRENZ');
INSERT INTO FACULTAD VALUES (5, 'INGENIERÍA', 'NADIA RODRÍGUEZ RODRÍGUEZ');
INSERT INTO FACULTAD VALUES (6, 'PSICOLOGÍA', 'ROSANA CHOY VESSONI');
INSERT INTO FACULTAD VALUES (7, 'PROGRAMA DE ESTUDIOS GENERALES', 'FERNANDO HOYOS RENGIFO');

INSERT INTO CARRERA VALUES (1, 'ARQUITECTURA', '10 CICLOS', 1);
INSERT INTO CARRERA VALUES (2, 'ADMINISTRACIÓN', '10 CICLOS', 2);
INSERT INTO CARRERA VALUES (3, 'CONTABILIDAD Y FINANZAS', '10 CICLOS', 2);
INSERT INTO CARRERA VALUES (4, 'ECONOMÍA', '10 CICLOS', 2);
INSERT INTO CARRERA VALUES (5, 'MARKETING', '10 CICLOS', 2);
INSERT INTO CARRERA VALUES (6, 'NEGOCIOS INTERNACIONALES', '10 CICLOS', 2);
INSERT INTO CARRERA VALUES (7, 'COMUNICACIÓN', '10 CICLOS', 3);
INSERT INTO CARRERA VALUES (8, 'DERECHO', '12 CICLOS', 4);
INSERT INTO CARRERA VALUES (9, 'INGENIERÍA CIVIL', '10 CICLOS', 5);
INSERT INTO CARRERA VALUES (10, 'INGENIERÍA INDUSTRIAL', '10 CICLOS', 5);
INSERT INTO CARRERA VALUES (11, 'INGENIERÍA DE SISTEMAS', '10 CICLOS', 5);
INSERT INTO CARRERA VALUES (12, 'PSICOLOGÍA', '12 CICLOS', 6);
INSERT INTO CARRERA VALUES (13, 'ESTUDIOS GENERALES', '2 CICLOS', 7);

INSERT INTO PROFESOR(CORREO, PRIMER_NOMBRE, SEGUNDO_NOMBRE, APELLIDOS) VALUES ('aliaga.tobias@ulima.com', 'TOBIAS', NULL, 'ALIAGA VILCHEZ');
INSERT INTO PROFESOR(CORREO, PRIMER_NOMBRE, SEGUNDO_NOMBRE, APELLIDOS) VALUES ('alvarez.edwin@ulima.com', 'EDWIN', 'MANUEL', 'ALVAREZ VALDIVIA');
INSERT INTO PROFESOR(CORREO, PRIMER_NOMBRE, SEGUNDO_NOMBRE, APELLIDOS) VALUES ('amable.miriam@ulima.com', 'MIRIAM', 'ELIZABETH', 'AMABLE CIUDAD');
INSERT INTO PROFESOR(CORREO, PRIMER_NOMBRE, SEGUNDO_NOMBRE, APELLIDOS) VALUES ('argandoña.felipe@ulima.com', 'FELIPE', 'DANIEL', 'ARGANDOÑA MARTINEZ');
INSERT INTO PROFESOR(CORREO, PRIMER_NOMBRE, SEGUNDO_NOMBRE, APELLIDOS) VALUES ('caballero.jose@ulima.com', 'JOSE', 'ALBERTO', 'CABALLERO ORTIZ');
INSERT INTO PROFESOR(CORREO, PRIMER_NOMBRE, SEGUNDO_NOMBRE, APELLIDOS) VALUES ('capcha.fiorella@ulima.com', 'FIORELLA', NULL, 'CAPCHA SANCHEZ');
INSERT INTO PROFESOR(CORREO, PRIMER_NOMBRE, SEGUNDO_NOMBRE, APELLIDOS) VALUES ('casma.miguel@ulima.com', 'MIGUEL', 'JACINTO', 'CASMA SALCEDO');
INSERT INTO PROFESOR(CORREO, PRIMER_NOMBRE, SEGUNDO_NOMBRE, APELLIDOS) VALUES ('castillo.luis@ulima.com', 'LUIS', 'ERNESTO', 'CASTILLO MESIAS');
INSERT INTO PROFESOR(CORREO, PRIMER_NOMBRE, SEGUNDO_NOMBRE, APELLIDOS) VALUES ('checa.rocio@ulima.com', 'ROCIO', 'DEL PILAR', 'CHECA FERNANDEZ');
INSERT INTO PROFESOR(CORREO, PRIMER_NOMBRE, SEGUNDO_NOMBRE, APELLIDOS) VALUES ('curisinche.cesar@ulima.com', 'CESAR', 'EDUARDO', 'CURISINCHE ESTRELLA');
INSERT INTO PROFESOR(CORREO, PRIMER_NOMBRE, SEGUNDO_NOMBRE, APELLIDOS) VALUES ('davila.guillermo@ulima.com', 'GUILLERMO', 'ANTONIO', 'DAVILA CALLE');
INSERT INTO PROFESOR(CORREO, PRIMER_NOMBRE, SEGUNDO_NOMBRE, APELLIDOS) VALUES ('diaz.jose@ulima.com', 'JOSE', 'RAUL', 'DIAZ PARRA');
INSERT INTO PROFESOR(CORREO, PRIMER_NOMBRE, SEGUNDO_NOMBRE, APELLIDOS) VALUES ('diez.percy@ulima.com', 'PERCY', NULL, 'DIEZ QUIÑONES');
INSERT INTO PROFESOR(CORREO, PRIMER_NOMBRE, SEGUNDO_NOMBRE, APELLIDOS) VALUES ('dios.jim@ulima.com', 'JIM', 'BRYAN', 'DIOS LUNA');
INSERT INTO PROFESOR(CORREO, PRIMER_NOMBRE, SEGUNDO_NOMBRE, APELLIDOS) VALUES ('escobedo.edwin@ulima.com', 'EDWIN', 'JONATHAN', 'ESCOBEDO CARDENAS');
INSERT INTO PROFESOR(CORREO, PRIMER_NOMBRE, SEGUNDO_NOMBRE, APELLIDOS) VALUES ('fernandez.marco@ulima.com', 'MARCO', NULL, 'FERNANDEZ DEL POMAR');
INSERT INTO PROFESOR(CORREO, PRIMER_NOMBRE, SEGUNDO_NOMBRE, APELLIDOS) VALUES ('fernandez.jaddy@ulima.com', 'JADDY', NULL, 'FERNANDEZ IPARRAGUIRRE');
INSERT INTO PROFESOR(CORREO, PRIMER_NOMBRE, SEGUNDO_NOMBRE, APELLIDOS) VALUES ('garcia.sandro@ulima.com', 'SANDRO', 'JUAN', 'GARCIA DURANTE');
INSERT INTO PROFESOR(CORREO, PRIMER_NOMBRE, SEGUNDO_NOMBRE, APELLIDOS) VALUES ('gonzales.luis@ulima.com', 'LUIS', 'MANUEL', 'GONZALES CALDERON');
INSERT INTO PROFESOR(CORREO, PRIMER_NOMBRE, SEGUNDO_NOMBRE, APELLIDOS) VALUES ('guanilo.luis@ulima.com', 'LUIS', 'FERNANDO', 'GUANILO ZAVALETA');
INSERT INTO PROFESOR(CORREO, PRIMER_NOMBRE, SEGUNDO_NOMBRE, APELLIDOS) VALUES ('gutierrez.juan@ulima.com', 'JUAN', 'MANUEL', 'GUTIERREZ CARDENAS');
INSERT INTO PROFESOR(CORREO, PRIMER_NOMBRE, SEGUNDO_NOMBRE, APELLIDOS) VALUES ('guzman.rosario@ulima.com', 'ROSARIO', 'MARYBEL', 'GUZMAN JIMENEZ');
INSERT INTO PROFESOR(CORREO, PRIMER_NOMBRE, SEGUNDO_NOMBRE, APELLIDOS) VALUES ('hau.agatha@ulima.com', 'AGATHA', 'CRISTINA', 'HAU OCHOA');
INSERT INTO PROFESOR(CORREO, PRIMER_NOMBRE, SEGUNDO_NOMBRE, APELLIDOS) VALUES ('helfer.diego@ulima.com', 'DIEGO', 'NORBERTO', 'HELFER RODRIGUEZ');
INSERT INTO PROFESOR(CORREO, PRIMER_NOMBRE, SEGUNDO_NOMBRE, APELLIDOS) VALUES ('hinojosa.eduardo@ulima.com', 'EDUARDO', 'ALBERTO', 'HINOJOSA CABADA');
INSERT INTO PROFESOR(CORREO, PRIMER_NOMBRE, SEGUNDO_NOMBRE, APELLIDOS) VALUES ('huaranga.edgar@ulima.com', 'EDGAR', 'JESUS', 'HUARANGA JUNCO');
INSERT INTO PROFESOR(CORREO, PRIMER_NOMBRE, SEGUNDO_NOMBRE, APELLIDOS) VALUES ('irey.jorge@ulima.com', 'JORGE', 'LUIS', 'IREY NUÑEZ');
INSERT INTO PROFESOR(CORREO, PRIMER_NOMBRE, SEGUNDO_NOMBRE, APELLIDOS) VALUES ('jara.octavio@ulima.com', 'OCTAVIO', 'V', 'JARA VILLAVICENCIO');
INSERT INTO PROFESOR(CORREO, PRIMER_NOMBRE, SEGUNDO_NOMBRE, APELLIDOS) VALUES ('lewis.winston@ulima.com', 'WINSTON', NULL, 'LEWIS FUENTES');
INSERT INTO PROFESOR(CORREO, PRIMER_NOMBRE, SEGUNDO_NOMBRE, APELLIDOS) VALUES ('lopez.juan@ulima.com', 'JUAN', 'FRANCISCO', 'LOPEZ ALEMAN');
INSERT INTO PROFESOR(CORREO, PRIMER_NOMBRE, SEGUNDO_NOMBRE, APELLIDOS) VALUES ('lopez.heiner@ulima.com', 'HEINER', 'RICARDO', 'LOPEZ SANDOVAL');
INSERT INTO PROFESOR(CORREO, PRIMER_NOMBRE, SEGUNDO_NOMBRE, APELLIDOS) VALUES ('machuca.juan@ulima.com', 'JUAN', 'MANUEL', 'MACHUCA DE PINA');
INSERT INTO PROFESOR(CORREO, PRIMER_NOMBRE, SEGUNDO_NOMBRE, APELLIDOS) VALUES ('maia.paulo@ulima.com', 'PAULO', 'NAZARENO', 'MAIA SAMPAIO');
INSERT INTO PROFESOR(CORREO, PRIMER_NOMBRE, SEGUNDO_NOMBRE, APELLIDOS) VALUES ('matuk.andrea@ulima.com', 'ANDREA', NULL, 'MATUK CHIJNER');
INSERT INTO PROFESOR(CORREO, PRIMER_NOMBRE, SEGUNDO_NOMBRE, APELLIDOS) VALUES ('mayhua.angela@ulima.com', 'ANGELA', 'GABRIELA', 'MAYHUA QUISPE');
INSERT INTO PROFESOR(CORREO, PRIMER_NOMBRE, SEGUNDO_NOMBRE, APELLIDOS) VALUES ('meza.aldo@ulima.com', 'ALDO', 'RICHARD', 'MEZA RODRIGUEZ');
INSERT INTO PROFESOR(CORREO, PRIMER_NOMBRE, SEGUNDO_NOMBRE, APELLIDOS) VALUES ('miranda.jorge@ulima.com', 'JORGE', 'VICTOR', 'MIRANDA PACHECO');
INSERT INTO PROFESOR(CORREO, PRIMER_NOMBRE, SEGUNDO_NOMBRE, APELLIDOS) VALUES ('more.javier@ulima.com', 'JAVIER', NULL, 'MORE SANCHEZ');
INSERT INTO PROFESOR(CORREO, PRIMER_NOMBRE, SEGUNDO_NOMBRE, APELLIDOS) VALUES ('muñoz.nehil@ulima.com', 'NEHIL', 'INDALICIO', 'MUÑOZ CASILDO');
INSERT INTO PROFESOR(CORREO, PRIMER_NOMBRE, SEGUNDO_NOMBRE, APELLIDOS) VALUES ('nakashima.giancarlo@ulima.com', 'GIANCARLO', 'JUAN', 'NAKASHIMA CHAVEZ');
INSERT INTO PROFESOR(CORREO, PRIMER_NOMBRE, SEGUNDO_NOMBRE, APELLIDOS) VALUES ('negron.rene@ulima.com', 'RENE', NULL, 'NEGRON HUAMAN');
INSERT INTO PROFESOR(CORREO, PRIMER_NOMBRE, SEGUNDO_NOMBRE, APELLIDOS) VALUES ('nina.hernan@ulima.com', 'HERNAN', NULL, 'NINA HANCO');
INSERT INTO PROFESOR(CORREO, PRIMER_NOMBRE, SEGUNDO_NOMBRE, APELLIDOS) VALUES ('ortiz.christiam@ulima.com', 'CHRISTIAM', 'JAVIER', 'ORTIZ PACHAS');
INSERT INTO PROFESOR(CORREO, PRIMER_NOMBRE, SEGUNDO_NOMBRE, APELLIDOS) VALUES ('palacios.enrique@ulima.com', 'ENRIQUE', 'HUMBERTO', 'PALACIOS LOPEZ');
INSERT INTO PROFESOR(CORREO, PRIMER_NOMBRE, SEGUNDO_NOMBRE, APELLIDOS) VALUES ('palma.fernando@ulima.com', 'FERNANDO', 'GUSTAVO', 'PALMA GALINDO');
INSERT INTO PROFESOR(CORREO, PRIMER_NOMBRE, SEGUNDO_NOMBRE, APELLIDOS) VALUES ('paredes.jorge@ulima.com', 'JORGE', 'CHRISTIAM', 'PAREDES CHAVEZ');
INSERT INTO PROFESOR(CORREO, PRIMER_NOMBRE, SEGUNDO_NOMBRE, APELLIDOS) VALUES ('pastor.segundo@ulima.com', 'SEGUNDO', 'OSWALDO', 'PASTOR HUAMAN');
INSERT INTO PROFESOR(CORREO, PRIMER_NOMBRE, SEGUNDO_NOMBRE, APELLIDOS) VALUES ('perez.karla@ulima.com', 'KARLA', NULL, 'PEREZ COLAN DE BARDALES');
INSERT INTO PROFESOR(CORREO, PRIMER_NOMBRE, SEGUNDO_NOMBRE, APELLIDOS) VALUES ('pietrapiana.fabio@ulima.com', 'FABIO', 'FERNANDO', 'PIETRAPIANA CHIAPPE');
INSERT INTO PROFESOR(CORREO, PRIMER_NOMBRE, SEGUNDO_NOMBRE, APELLIDOS) VALUES ('piscoya.sofia@ulima.com', 'SOFIA', 'MARGARITA', 'PISCOYA CHAVEZ');
INSERT INTO PROFESOR(CORREO, PRIMER_NOMBRE, SEGUNDO_NOMBRE, APELLIDOS) VALUES ('quintana.hernan@ulima.com', 'HERNAN', 'ALEJANDRO', 'QUINTANA CRUZ');
INSERT INTO PROFESOR(CORREO, PRIMER_NOMBRE, SEGUNDO_NOMBRE, APELLIDOS) VALUES ('quintanilla.henry@ulima.com', 'HENRY', NULL, 'QUINTANILLA CARDENAS');
INSERT INTO PROFESOR(CORREO, PRIMER_NOMBRE, SEGUNDO_NOMBRE, APELLIDOS) VALUES ('quinto.javier@ulima.com', 'JAVIER', 'RICHARD', 'QUINTO ANCIETA');
INSERT INTO PROFESOR(CORREO, PRIMER_NOMBRE, SEGUNDO_NOMBRE, APELLIDOS) VALUES ('quiroz.lennin@ulima.com', 'LENNIN', 'PAUL', 'QUIROZ VILLALOBOS');
INSERT INTO PROFESOR(CORREO, PRIMER_NOMBRE, SEGUNDO_NOMBRE, APELLIDOS) VALUES ('ramirez.leo@ulima.com', 'LEO', 'CARLOS ISRAEL', 'RAMIREZ ARGUME');
INSERT INTO PROFESOR(CORREO, PRIMER_NOMBRE, SEGUNDO_NOMBRE, APELLIDOS) VALUES ('ramirez.lourdes@ulima.com', 'LOURDES', NULL, 'RAMIREZ CERNA');
INSERT INTO PROFESOR(CORREO, PRIMER_NOMBRE, SEGUNDO_NOMBRE, APELLIDOS) VALUES ('raygada.luis@ulima.com', 'LUIS', 'ARMANDO', 'RAYGADA VARGAS');
INSERT INTO PROFESOR(CORREO, PRIMER_NOMBRE, SEGUNDO_NOMBRE, APELLIDOS) VALUES ('riccio.francisco@ulima.com', 'FRANCISCO', 'MARTIN', 'RICCIO CHAVEZ');
INSERT INTO PROFESOR(CORREO, PRIMER_NOMBRE, SEGUNDO_NOMBRE, APELLIDOS) VALUES ('rodriguez.hugo@ulima.com', 'HUGO', NULL, 'RODRIGUEZ CASTILLO');
INSERT INTO PROFESOR(CORREO, PRIMER_NOMBRE, SEGUNDO_NOMBRE, APELLIDOS) VALUES ('rojas.pablo@ulima.com', 'PABLO', 'ALBERTO', 'ROJAS JAEN');
INSERT INTO PROFESOR(CORREO, PRIMER_NOMBRE, SEGUNDO_NOMBRE, APELLIDOS) VALUES ('romaina.juan@ulima.com', 'JUAN', 'CARLOS', 'ROMAINA ACEVEDO');
INSERT INTO PROFESOR(CORREO, PRIMER_NOMBRE, SEGUNDO_NOMBRE, APELLIDOS) VALUES ('romero.vilma@ulima.com', 'VILMA', 'SUSANA', 'ROMERO ROMERO');
INSERT INTO PROFESOR(CORREO, PRIMER_NOMBRE, SEGUNDO_NOMBRE, APELLIDOS) VALUES ('romero.george@ulima.com', 'GEORGE', 'EDWIN', 'ROMERO VELAZCO');
INSERT INTO PROFESOR(CORREO, PRIMER_NOMBRE, SEGUNDO_NOMBRE, APELLIDOS) VALUES ('roque.javier@ulima.com', 'JAVIER', 'TEODOCIO', 'ROQUE ESPINOZA');
INSERT INTO PROFESOR(CORREO, PRIMER_NOMBRE, SEGUNDO_NOMBRE, APELLIDOS) VALUES ('ruiz.juan@ulima.com', 'JUAN', NULL, 'RUIZ DE LA TORRE');
INSERT INTO PROFESOR(CORREO, PRIMER_NOMBRE, SEGUNDO_NOMBRE, APELLIDOS) VALUES ('salazar.cristian@ulima.com', 'CRISTIAN', 'ROLANDO', 'SALAZAR LOPEZ');
INSERT INTO PROFESOR(CORREO, PRIMER_NOMBRE, SEGUNDO_NOMBRE, APELLIDOS) VALUES ('salcedo.henry@ulima.com', 'HENRY', 'HERBERT', 'SALCEDO JAIME');
INSERT INTO PROFESOR(CORREO, PRIMER_NOMBRE, SEGUNDO_NOMBRE, APELLIDOS) VALUES ('sanchez.jose@ulima.com', 'JOSE', 'LUIS', 'SANCHEZ ZAVALA');
INSERT INTO PROFESOR(CORREO, PRIMER_NOMBRE, SEGUNDO_NOMBRE, APELLIDOS) VALUES ('sanchez.luis@ulima.com', 'LUIS', 'FELIPE', 'SANCHEZ PEÑA');
INSERT INTO PROFESOR(CORREO, PRIMER_NOMBRE, SEGUNDO_NOMBRE, APELLIDOS) VALUES ('santibañez.ruben@ulima.com', 'RUBEN', NULL, 'SANTIBAÑEZ SORIA');
INSERT INTO PROFESOR(CORREO, PRIMER_NOMBRE, SEGUNDO_NOMBRE, APELLIDOS) VALUES ('seijas.felix@ulima.com', 'FELIX', 'MANUEL', 'SEIJAS CABANILLAS');
INSERT INTO PROFESOR(CORREO, PRIMER_NOMBRE, SEGUNDO_NOMBRE, APELLIDOS) VALUES ('silva.alfonso@ulima.com', 'ALFONSO', NULL, 'SILVA SALAZAR');
INSERT INTO PROFESOR(CORREO, PRIMER_NOMBRE, SEGUNDO_NOMBRE, APELLIDOS) VALUES ('silva.miguel@ulima.com', 'MIGUEL', NULL, 'SILVA PACHECO');
INSERT INTO PROFESOR(CORREO, PRIMER_NOMBRE, SEGUNDO_NOMBRE, APELLIDOS) VALUES ('sinche.rolando@ulima.com', 'ROLANDO', 'LUCAS', 'SINCHE CARHUAMACA');
INSERT INTO PROFESOR(CORREO, PRIMER_NOMBRE, SEGUNDO_NOMBRE, APELLIDOS) VALUES ('solis.adolfo@ulima.com', 'ADOLFO', NULL, 'SOLIS CHUQUIPOMA');
INSERT INTO PROFESOR(CORREO, PRIMER_NOMBRE, SEGUNDO_NOMBRE, APELLIDOS) VALUES ('sotelo.gino@ulima.com', 'GINO', 'ALEXANDER', 'SOTELO BARRANTES');
INSERT INTO PROFESOR(CORREO, PRIMER_NOMBRE, SEGUNDO_NOMBRE, APELLIDOS) VALUES ('takahashi.eric@ulima.com', 'ERIC', 'GABRIEL', 'TAKAHASHI PEREYRA');
INSERT INTO PROFESOR(CORREO, PRIMER_NOMBRE, SEGUNDO_NOMBRE, APELLIDOS) VALUES ('tapia.guillermo@ulima.com', 'GUILLERMO', 'ANTONIO', 'TAPIA CAMA');
INSERT INTO PROFESOR(CORREO, PRIMER_NOMBRE, SEGUNDO_NOMBRE, APELLIDOS) VALUES ('terrones.carlos@ulima.com', 'CARLOS', NULL, 'TERRONES TAVARA');
INSERT INTO PROFESOR(CORREO, PRIMER_NOMBRE, SEGUNDO_NOMBRE, APELLIDOS) VALUES ('torres.carlos@ulima.com', 'CARLOS', NULL, 'TORRES ROJAS');
INSERT INTO PROFESOR(CORREO, PRIMER_NOMBRE, SEGUNDO_NOMBRE, APELLIDOS) VALUES ('torres.eduardo@ulima.com', 'EDUARDO', NULL, 'TORRES RUIZ');
INSERT INTO PROFESOR(CORREO, PRIMER_NOMBRE, SEGUNDO_NOMBRE, APELLIDOS) VALUES ('torres.walter@ulima.com', 'WALTER', NULL, 'TORRES MARCELO');
INSERT INTO PROFESOR(CORREO, PRIMER_NOMBRE, SEGUNDO_NOMBRE, APELLIDOS) VALUES ('tricona.elizabeth@ulima.com', 'ELIZABETH', 'FATIMA', 'TRICONA SEGURA');
INSERT INTO PROFESOR(CORREO, PRIMER_NOMBRE, SEGUNDO_NOMBRE, APELLIDOS) VALUES ('ubillus.mario@ulima.com', 'MARIO', 'AUGUSTO', 'UBILLUS VALDIVIA');
INSERT INTO PROFESOR(CORREO, PRIMER_NOMBRE, SEGUNDO_NOMBRE, APELLIDOS) VALUES ('uquillas.leonardo@ulima.com', 'LEONARDO', 'ARMANDO', 'UQUILLAS PONCE');
INSERT INTO PROFESOR(CORREO, PRIMER_NOMBRE, SEGUNDO_NOMBRE, APELLIDOS) VALUES ('valencia.felix@ulima.com', 'FELIX', 'WALTER', 'VALENCIA RODRIGUEZ');
INSERT INTO PROFESOR(CORREO, PRIMER_NOMBRE, SEGUNDO_NOMBRE, APELLIDOS) VALUES ('valverde.eduardo@ulima.com', 'EDUARDO', NULL, 'VALVERDE FLORES');
INSERT INTO PROFESOR(CORREO, PRIMER_NOMBRE, SEGUNDO_NOMBRE, APELLIDOS) VALUES ('vargas.julio@ulima.com', 'JULIO', 'CESAR', 'VARGAS HUAMAN');
INSERT INTO PROFESOR(CORREO, PRIMER_NOMBRE, SEGUNDO_NOMBRE, APELLIDOS) VALUES ('velarde.gino@ulima.com', 'GINO', 'ANTONIO', 'VELARDE FALCON');
INSERT INTO PROFESOR(CORREO, PRIMER_NOMBRE, SEGUNDO_NOMBRE, APELLIDOS) VALUES ('velazco.john@ulima.com', 'JOHN', 'STEVEN', 'VELAZCO MENDEZ');
INSERT INTO PROFESOR(CORREO, PRIMER_NOMBRE, SEGUNDO_NOMBRE, APELLIDOS) VALUES ('vergaray.luis@ulima.com', 'LUIS', 'FERNANDO', 'VERGARAY RIOS');
INSERT INTO PROFESOR(CORREO, PRIMER_NOMBRE, SEGUNDO_NOMBRE, APELLIDOS) VALUES ('villa.mario@ulima.com', 'MARIO', 'LUIS', 'VILLA JIMENEZ');
INSERT INTO PROFESOR(CORREO, PRIMER_NOMBRE, SEGUNDO_NOMBRE, APELLIDOS) VALUES ('wong.eduardo@ulima.com', 'EDUARDO', NULL, 'WONG SU');
INSERT INTO PROFESOR(CORREO, PRIMER_NOMBRE, SEGUNDO_NOMBRE, APELLIDOS) VALUES ('zorrilla.jose@ulima.com', 'JOSE', 'CARLOS', 'ZORRILLA RIVAS');

INSERT INTO CURSO VALUES (650001, 'INFORMÁTICA PARA LA GESTIÓN');
INSERT INTO CURSO VALUES (650002, 'INTRODUCCIÓN A LA PROGRAMACIÓN');
INSERT INTO CURSO VALUES (650003, 'ESTRUCTURAS DISCRETAS DE COMPUTACIÓN');
INSERT INTO CURSO VALUES (650004, 'ARQUITECTURA DE COMPUTADORAS');
INSERT INTO CURSO VALUES (560020, 'ESTADÍSTICA Y PROBABILIDAD');
INSERT INTO CURSO VALUES (650005, 'PROGRAMACIÓN ORIENTADA A OBJETOS');
INSERT INTO CURSO VALUES (650006, 'SISTEMAS OPERATIVOS');
INSERT INTO CURSO VALUES (650007, 'FUNDAMENTOS DE ELECTRICIDAD Y ELECTRONICA');
INSERT INTO CURSO VALUES (650008, 'MODELACIÓN E INTEGRACIÓN DE SISTEMAS');
INSERT INTO CURSO VALUES (650009, 'DESARROLLO DE COMPETENCIAS GERENCIALES');
INSERT INTO CURSO VALUES (650010, 'INGENIERÍA DE PROCESOS DE NEGOCIO');
INSERT INTO CURSO VALUES (650013, 'LEGISLACIÓN Y ÉTICA');
INSERT INTO CURSO VALUES (650014, 'LENGUAJES DE PROGRAMACIÓN');
INSERT INTO CURSO VALUES (650015, 'REDES DE COMPUTADORAS');
INSERT INTO CURSO VALUES (650016, 'GESTIÓN FINANCIERA');
INSERT INTO CURSO VALUES (650018, 'SIMULACIÓN');
INSERT INTO CURSO VALUES (650019, 'GESTIÓN DE OPERACIONES');
INSERT INTO CURSO VALUES (650020, 'EVALUACIÓN DE PROYECTOS DE SISTEMAS');
INSERT INTO CURSO VALUES (650021, 'INGENIERÍA DE SOFTWARE 1');
INSERT INTO CURSO VALUES (650022, 'PROGRAMACIÓN WEB');
INSERT INTO CURSO VALUES (650027, 'GESTIÓN DE RIESGOS');
INSERT INTO CURSO VALUES (650028, 'SISTEMAS ERP');
INSERT INTO CURSO VALUES (650029, 'TALLER DE PROPUESTA DE INVESTIGACIÓN');
INSERT INTO CURSO VALUES (650033, 'PLANEAMIENTO ESTRATÉGICO');
INSERT INTO CURSO VALUES (650035, 'SEMINARIO DE INVESTIGACIÓN 1');
INSERT INTO CURSO VALUES (650036, 'ANALÍTICA PREDICTIVA DE DATOS');
INSERT INTO CURSO VALUES (650040, 'SEMINARIO DE INVESTIGACIÓN 2');
INSERT INTO CURSO VALUES (650041, 'SEGURIDAD DE SISTEMAS DE TECNOLOGÍAS DE INFORMACIÓN');
INSERT INTO CURSO VALUES (650042, 'AUDITORÍA Y CONTROL DE SISTEMAS');
INSERT INTO CURSO VALUES (650011, 'INTERACCIÓN HUMANO COMPUTADORA');
INSERT INTO CURSO VALUES (650012, 'INTERNET DE LAS COSAS');
INSERT INTO CURSO VALUES (650017, 'TALLER DE EMPRENDIMIENTO TECNOLÓGICO');
INSERT INTO CURSO VALUES (650023, 'ADMINISTRACIÓN DE BASE DE DATOS');
INSERT INTO CURSO VALUES (650024, 'SEMINARIO DE REDES');
INSERT INTO CURSO VALUES (650025, 'COMPUTACIÓN EN LA NUBE');
INSERT INTO CURSO VALUES (650030, 'PROGRAMACIÓN MÓVIL');
INSERT INTO CURSO VALUES (650031, 'APRENDIZAJE DE MÁQUINA');
INSERT INTO CURSO VALUES (650032, 'ARQUITECTURA DEL DATA CENTER');
INSERT INTO CURSO VALUES (650037, 'ASEGURAMIENTO DE LA CALIDAD');
INSERT INTO CURSO VALUES (650038, 'SISTEMAS AVANZADOS DE INFORMACIÓN');
INSERT INTO CURSO VALUES (650048, 'ARQUITECTURA DE TECNOLOGÍAS DE INFORMACIÓN');
INSERT INTO CURSO VALUES (650049, 'ARQUITECTURA DE SOFTWARE');
INSERT INTO CURSO VALUES (650050, 'ARQUITECTURA EMPRESARIAL');
INSERT INTO CURSO VALUES (650044, 'ANALÍTICA CON BIG DATA');
INSERT INTO CURSO VALUES (650047, 'CIBERSEGURIDAD');
INSERT INTO CURSO VALUES (650051, 'PROGRAMACIÓN DE VIDEOJUEGOS');

INSERT INTO CARRERA_CURSO VALUES (1, 3, 11, 650001);
INSERT INTO CARRERA_CURSO VALUES (1, 3, 11, 650002);
INSERT INTO CARRERA_CURSO VALUES (1, 2, 11, 650003);
INSERT INTO CARRERA_CURSO VALUES (1, 3, 11, 650004);
INSERT INTO CARRERA_CURSO VALUES (1, 3, 11, 560020);
INSERT INTO CARRERA_CURSO VALUES (1, 3, 11, 650005);
INSERT INTO CARRERA_CURSO VALUES (1, 4, 11, 650006);
INSERT INTO CARRERA_CURSO VALUES (1, 3, 11, 650007);
INSERT INTO CARRERA_CURSO VALUES (1, 3, 11, 650008);
INSERT INTO CARRERA_CURSO VALUES (1, 3, 11, 650009);
INSERT INTO CARRERA_CURSO VALUES (1, 3, 11, 650010);
INSERT INTO CARRERA_CURSO VALUES (1, 3, 11, 650013);
INSERT INTO CARRERA_CURSO VALUES (1, 3, 11, 650014);
INSERT INTO CARRERA_CURSO VALUES (1, 4, 11, 650015);
INSERT INTO CARRERA_CURSO VALUES (1, 3, 11, 650016);
INSERT INTO CARRERA_CURSO VALUES (1, 3, 11, 650018);
INSERT INTO CARRERA_CURSO VALUES (1, 3, 11, 650019);
INSERT INTO CARRERA_CURSO VALUES (1, 3, 11, 650020);
INSERT INTO CARRERA_CURSO VALUES (1, 3, 11, 650021);
INSERT INTO CARRERA_CURSO VALUES (1, 3, 11, 650022);
INSERT INTO CARRERA_CURSO VALUES (1, 3, 11, 650027);
INSERT INTO CARRERA_CURSO VALUES (1, 3, 11, 650028);
INSERT INTO CARRERA_CURSO VALUES (1, 4, 11, 650029);
INSERT INTO CARRERA_CURSO VALUES (1, 3, 11, 650033);
INSERT INTO CARRERA_CURSO VALUES (1, 4, 11, 650035);
INSERT INTO CARRERA_CURSO VALUES (1, 3, 11, 650036);
INSERT INTO CARRERA_CURSO VALUES (1, 4, 11, 650040);
INSERT INTO CARRERA_CURSO VALUES (1, 3, 11, 650041);
INSERT INTO CARRERA_CURSO VALUES (1, 3, 11, 650042);
INSERT INTO CARRERA_CURSO VALUES (0, 3, 11, 650011);
INSERT INTO CARRERA_CURSO VALUES (0, 3, 11, 650012);
INSERT INTO CARRERA_CURSO VALUES (0, 3, 11, 650017);
INSERT INTO CARRERA_CURSO VALUES (0, 4, 11, 650023);
INSERT INTO CARRERA_CURSO VALUES (0, 4, 11, 650024);
INSERT INTO CARRERA_CURSO VALUES (0, 3, 11, 650025);
INSERT INTO CARRERA_CURSO VALUES (0, 3, 11, 650030);
INSERT INTO CARRERA_CURSO VALUES (0, 3, 11, 650031);
INSERT INTO CARRERA_CURSO VALUES (0, 4, 11, 650032);
INSERT INTO CARRERA_CURSO VALUES (0, 3, 11, 650037);
INSERT INTO CARRERA_CURSO VALUES (0, 3, 11, 650038);
INSERT INTO CARRERA_CURSO VALUES (0, 4, 11, 650048);
INSERT INTO CARRERA_CURSO VALUES (0, 4, 11, 650049);
INSERT INTO CARRERA_CURSO VALUES (0, 4, 11, 650050);
INSERT INTO CARRERA_CURSO VALUES (0, 3, 11, 650044);
INSERT INTO CARRERA_CURSO VALUES (0, 3, 11, 650047);
INSERT INTO CARRERA_CURSO VALUES (0, 5, 11, 650051);

INSERT INTO GRUPO(CANTESTUDIANTES) VALUES (5);
INSERT INTO GRUPO(CANTESTUDIANTES) VALUES (4);

INSERT INTO ESTUDIANTE VALUES (20221584, 'SANTIAGO', 'ENRIQUE', 'MENDOZA PARRA', 5);
INSERT INTO ESTUDIANTE VALUES (20221260, 'ANDREW', 'LUIS', 'HUANCAYA RAMÍREZ', 5);
INSERT INTO ESTUDIANTE VALUES (20222909, 'LEANDRO', 'AARÓN', 'CARAMANTÍN CRUZ', 5);
INSERT INTO ESTUDIANTE VALUES (20142896, 'MIGUEL', 'ALONSO', 'LAGOS JIMENEZ', 6);
INSERT INTO ESTUDIANTE VALUES (20194613, 'PIERO', 'MIRKO', 'SILVA MATTA', 5);
INSERT INTO ESTUDIANTE VALUES (20229983, 'ANTONY', NULL, 'GARCÍA PEREA', 6);
INSERT INTO ESTUDIANTE VALUES (20229984, 'MARÍA', 'FERNANDA', 'PÉREZ LÓPEZ', 6);
INSERT INTO ESTUDIANTE VALUES (20229985, 'JUAN', NULL, 'MARTÍNEZ GÓMEZ', 5);
INSERT INTO ESTUDIANTE VALUES (20229986, 'LUIS', 'PAUL', 'RODRÍGUEZ FERNÁNDEZ', 6);

INSERT INTO PROFESOR_ESTUDIANTE VALUES (40, 627, (SELECT ID_PROFESOR FROM PROFESOR WHERE APELLIDOS = 'PAREDES CHAVEZ'), 20221584);
INSERT INTO PROFESOR_ESTUDIANTE VALUES (40, 627, (SELECT ID_PROFESOR FROM PROFESOR WHERE APELLIDOS = 'PAREDES CHAVEZ'), 20221260);
INSERT INTO PROFESOR_ESTUDIANTE VALUES (40, 627, (SELECT ID_PROFESOR FROM PROFESOR WHERE APELLIDOS = 'PAREDES CHAVEZ'), 20222909);
INSERT INTO PROFESOR_ESTUDIANTE VALUES (40, 627, (SELECT ID_PROFESOR FROM PROFESOR WHERE APELLIDOS = 'PAREDES CHAVEZ'), 20142896);
INSERT INTO PROFESOR_ESTUDIANTE VALUES (40, 627, (SELECT ID_PROFESOR FROM PROFESOR WHERE APELLIDOS = 'PAREDES CHAVEZ'), 20194613);
INSERT INTO PROFESOR_ESTUDIANTE VALUES (40, 627, (SELECT ID_PROFESOR FROM PROFESOR WHERE APELLIDOS = 'PAREDES CHAVEZ'), 20229983);
INSERT INTO PROFESOR_ESTUDIANTE VALUES (40, 627, (SELECT ID_PROFESOR FROM PROFESOR WHERE APELLIDOS = 'PAREDES CHAVEZ'), 20229984);
INSERT INTO PROFESOR_ESTUDIANTE VALUES (40, 627, (SELECT ID_PROFESOR FROM PROFESOR WHERE APELLIDOS = 'PAREDES CHAVEZ'), 20229985);
INSERT INTO PROFESOR_ESTUDIANTE VALUES (40, 627, (SELECT ID_PROFESOR FROM PROFESOR WHERE APELLIDOS = 'PAREDES CHAVEZ'), 20229986);


INSERT INTO TRABAJO_INVEST (TITULO, OBJETIVO, PERIODO, NUMERO_GRUPO, CODIGO_CURSO, ID_PROFESOR)
VALUES ('Investigación en Matemáticas I', 'Estudio sobre álgebra lineal', '2024-1', 5, 650023, (SELECT ID_PROFESOR FROM PROFESOR WHERE APELLIDOS = 'PAREDES CHAVEZ')); 
INSERT INTO TRABAJO_INVEST (TITULO, OBJETIVO, PERIODO, NUMERO_GRUPO, CODIGO_CURSO, ID_PROFESOR)
VALUES ('Investigación en Física I', 'Análisis de leyes de la física', '2024-2', 6, 650023,(SELECT ID_PROFESOR FROM PROFESOR WHERE APELLIDOS = 'PAREDES CHAVEZ'));  


INSERT INTO PROPUESTA (TEMA, DESCRIPCION, NUMERO_GRUPO, ID_TRABAJO)
VALUES ('Propuesta de investigación en álgebra', 'Estudio sobre álgebra lineal en el grupo 1', 5, 3); 

INSERT INTO PROPUESTA (TEMA, DESCRIPCION, NUMERO_GRUPO, ID_TRABAJO)
VALUES ('Propuesta de investigación en física', 'Análisis experimental de las leyes de la física en el grupo 2', 6, 4);  


INSERT INTO AVANCE (FECHA_ENTREGA, NUMERO_AVANCE, NUMERO_GRUPO, ID_PROFESOR, ID_TRABAJO)
VALUES (TO_DATE('2024-03-01', 'YYYY-MM-DD'), 1, 5,(SELECT ID_PROFESOR FROM PROFESOR WHERE APELLIDOS = 'PAREDES CHAVEZ') , 3);

INSERT INTO AVANCE (FECHA_ENTREGA, NUMERO_AVANCE, NUMERO_GRUPO, ID_PROFESOR, ID_TRABAJO)
VALUES (TO_DATE('2024-04-01', 'YYYY-MM-DD'), 2, 5, (SELECT ID_PROFESOR FROM PROFESOR WHERE APELLIDOS = 'PAREDES CHAVEZ'), 3);

INSERT INTO AVANCE (FECHA_ENTREGA, COMENTARIO, NUMERO_AVANCE, NUMERO_GRUPO, ID_PROFESOR, ID_TRABAJO)
VALUES (TO_DATE('2024-04-01', 'YYYY-MM-DD'),' ', 3, 5, (SELECT ID_PROFESOR FROM PROFESOR WHERE APELLIDOS = 'PAREDES CHAVEZ'), 3);


INSERT INTO AVANCE (FECHA_ENTREGA, NUMERO_AVANCE, NUMERO_GRUPO, ID_PROFESOR, ID_TRABAJO)
VALUES (TO_DATE('2024-03-01', 'YYYY-MM-DD'), 1, 6, (SELECT ID_PROFESOR FROM PROFESOR WHERE APELLIDOS = 'PAREDES CHAVEZ'), 4);

INSERT INTO AVANCE (FECHA_ENTREGA, NUMERO_AVANCE, NUMERO_GRUPO, ID_PROFESOR, ID_TRABAJO)
VALUES (TO_DATE('2024-04-01', 'YYYY-MM-DD'), 2, 6, (SELECT ID_PROFESOR FROM PROFESOR WHERE APELLIDOS = 'PAREDES CHAVEZ'), 4);


CREATE OR REPLACE PROCEDURE Validar_Profesor_Login (
    correo_ingresado IN VARCHAR2,
    resultado OUT VARCHAR2
) AS
    profesor_existente INT;
BEGIN
    SELECT COUNT(*)
    INTO profesor_existente
    FROM PROFESOR
    WHERE CORREO = correo_ingresado;

    IF profesor_existente > 0 THEN
        resultado := 'Acceso Permitido';
    ELSE
        resultado := 'Acceso Denegado';
    END IF;
END Validar_Profesor_Login;


CREATE OR REPLACE PROCEDURE Registrar_Revision_Avance (
    avance_id IN INT,
    fecha_revision IN DATE,
    nuevo_estado IN VARCHAR2,
    comentario IN VARCHAR2
) AS
BEGIN
    UPDATE AVANCE
    SET FECHA_REVISION = fecha_revision,
        ESTADO = nuevo_estado,
        COMENTARIO = comentario
    WHERE NUMERO_AVANCE = avance_id;
COMMIT;
END;


CREATE OR REPLACE PROCEDURE Asignar_Nota (
    avance_id IN INT,
    nota IN INT
) AS
BEGIN
    UPDATE AVANCE
    SET NOTA = nota
    WHERE NUMERO_AVANCE = avance_id;
END;


CREATE OR REPLACE FUNCTION Listar_Cursos_Secciones (
    profesor_id IN INT
) RETURN SYS_REFCURSOR AS
    cursor_resultado SYS_REFCURSOR;
BEGIN
    OPEN cursor_resultado FOR
        SELECT C.NOMBRE AS CURSO, PE.SECCION AS SECCION
        FROM PROFESOR_ESTUDIANTE PE
        INNER JOIN CURSO C ON PE.CODIGO_ESTUDIANTE = C.CODIGO_CURSO
        WHERE PE.ID_PROFESOR = profesor_id;
    RETURN cursor_resultado;
END;


CREATE OR REPLACE PROCEDURE Mostrar_Trabajos_Curso (
    profesor_id IN INT,
    curso_id IN INT
) AS
BEGIN
    -- Ejecutamos la consulta directamente en el ciclo FOR
    FOR rec IN (
        SELECT TI.TITULO AS TITULO_TRABAJO,
               TI.OBJETIVO AS OBJETIVO_TRABAJO,
               TI.PERIODO AS PERIODO_TRABAJO
        FROM TRABAJO_INVEST TI
        INNER JOIN GRUPO G ON TI.NUMERO_GRUPO = G.NUMERO_GRUPO
        INNER JOIN ESTUDIANTE E ON G.NUMERO_GRUPO = E.NUMERO_GRUPO
        INNER JOIN PROFESOR_ESTUDIANTE PE ON E.CODIGO_ESTUDIANTE = PE.CODIGO_ESTUDIANTE
        INNER JOIN CURSO C ON TI.CODIGO_CURSO = C.CODIGO_CURSO
        WHERE PE.ID_PROFESOR = profesor_id
          AND C.CODIGO_CURSO = curso_id
    ) LOOP
        -- Imprime los resultados de la consulta
        DBMS_OUTPUT.PUT_LINE('Título: ' || rec.TITULO_TRABAJO || ', Objetivo: ' || rec.OBJETIVO_TRABAJO || ', Período: ' || rec.PERIODO_TRABAJO);
    END LOOP;
END;

CREATE OR REPLACE PROCEDURE Mostrar_Propuestas (
    profesor_id IN INT,
    curso_id IN INT
) AS
BEGIN
    -- Mostrar las propuestas
    FOR propuesta IN (
        SELECT P.TEMA, P.DESCRIPCION, TI.TITULO AS TITULO_TRABAJO
        FROM PROPUESTA P
        INNER JOIN TRABAJO_INVEST TI ON P.ID_TRABAJO = TI.ID_TRABAJO
        INNER JOIN GRUPO G ON TI.NUMERO_GRUPO = G.NUMERO_GRUPO
        INNER JOIN ESTUDIANTE E ON G.NUMERO_GRUPO = E.NUMERO_GRUPO
        INNER JOIN PROFESOR_ESTUDIANTE PE ON E.CODIGO_ESTUDIANTE = PE.CODIGO_ESTUDIANTE
        WHERE PE.ID_PROFESOR = profesor_id
          AND TI.CODIGO_CURSO = curso_id
    ) LOOP
        DBMS_OUTPUT.PUT_LINE('Propuesta: ' || propuesta.TEMA || ', Descripción: ' || propuesta.DESCRIPCION || ', Título del Trabajo: ' || propuesta.TITULO_TRABAJO);
    END LOOP;
END;

CREATE OR REPLACE PROCEDURE Mostrar_Avances (
    profesor_id IN INT,
    curso_id IN INT
) AS
BEGIN
    -- Mostrar los avances
    FOR avance IN (
        SELECT A.FECHA_ENTREGA, A.FECHA_REVISION, A.NOTA, A.ESTADO, A.COMENTARIO, TI.TITULO AS TITULO_TRABAJO
        FROM AVANCE A
        INNER JOIN TRABAJO_INVEST TI ON A.ID_TRABAJO = TI.ID_TRABAJO
        INNER JOIN GRUPO G ON TI.NUMERO_GRUPO = G.NUMERO_GRUPO
        INNER JOIN ESTUDIANTE E ON G.NUMERO_GRUPO = E.NUMERO_GRUPO
        INNER JOIN PROFESOR_ESTUDIANTE PE ON E.CODIGO_ESTUDIANTE = PE.CODIGO_ESTUDIANTE
        WHERE PE.ID_PROFESOR = profesor_id
          AND TI.CODIGO_CURSO = curso_id
    ) LOOP
        DBMS_OUTPUT.PUT_LINE('Avance - Fecha de Entrega: ' || avance.FECHA_ENTREGA || ', Fecha de Revisión: ' || avance.FECHA_REVISION || ', Nota: ' || avance.NOTA || ', Estado: ' || avance.ESTADO || ', Comentario: ' || avance.COMENTARIO || ', Título del Trabajo: ' || avance.TITULO_TRABAJO);
    END LOOP;
END;
